{
    "ge_dict": {
        "ig": {
            "W": [
                0.008685602410414437
            ],
            "Z": [
                0.5541948194138167
            ],
            "X": [
                0.4371195781757688
            ]
        },
        "itg": {
            "W": [
                0.008485306748260027
            ],
            "Z": [
                0.497316907775009
            ],
            "X": [
                0.49419778547673104
            ]
        },
        "sg": {
            "W": [
                0.13136424456458626
            ],
            "Z": [
                0.3860659244300918
            ],
            "X": [
                0.48256983100532197
            ]
        },
        "shap": {
            "W": [
                0.5803365821763931
            ],
            "Z": [
                0.3543153621348831
            ],
            "X": [
                0.06534805568872387
            ]
        },
        "lime": {
            "W": [
                0.2837432524861816
            ],
            "Z": [
                0.293367905107146
            ],
            "X": [
                0.4228888424066725
            ]
        },
        "sp_lime": {
            "X": [
                0.41602805243460733
            ],
            "W": [
                0.2947343644233361
            ],
            "Z": [
                0.2892375831420565
            ]
        },
        "pfi": {
            "W": [
                0.2555289566516876
            ],
            "Z": [
                0.2728649377822876
            ],
            "X": [
                0.47160604596138
            ]
        },
        "icc_topo": {
            "W": [
                0.07992755621671677
            ],
            "Z": [
                0.6083893179893494
            ],
            "X": [
                0.31013962626457214
            ]
        },
        "icc_shap": {
            "W": [
                0.1287594437599182
            ],
            "Z": [
                0.6630550622940063
            ],
            "X": [
                0.20664207637310028
            ]
        }
    },
    "evaluation_metrics": {
        "ig": {
            "pgu": {
                "k=1": [
                    0.04287911579012871,
                    0.010168703817992827
                ],
                "k=2": [
                    0.04280597344040871,
                    0.010137424333902467
                ],
                "k=3": [
                    0.04273363947868347,
                    0.010072438909137463
                ]
            },
            "pgi": {
                "k=1": [
                    7.255057425936684e-05,
                    5.263134373502398e-05
                ],
                "k=2": [
                    0.00014569242193829268,
                    8.705959998661639e-05
                ],
                "k=3": [
                    0.00021802604896947742,
                    0.0001585178328045722
                ]
            }
        },
        "itg": {
            "pgu": {
                "k=1": [
                    0.04287911579012871,
                    0.010168703817992827
                ],
                "k=2": [
                    0.04280597344040871,
                    0.010137424333902467
                ],
                "k=3": [
                    0.04273363947868347,
                    0.010072438909137463
                ]
            },
            "pgi": {
                "k=1": [
                    7.255057425936684e-05,
                    5.263134373502398e-05
                ],
                "k=2": [
                    0.00014569242193829268,
                    8.705959998661639e-05
                ],
                "k=3": [
                    0.00021802604896947742,
                    0.0001585178328045722
                ]
            }
        },
        "sg": {
            "pgu": {
                "k=1": [
                    0.04287852346897125,
                    0.010185217710175207
                ],
                "k=2": [
                    0.04280597344040871,
                    0.010137424333902467
                ],
                "k=3": [
                    0.04273363947868347,
                    0.010072438909137463
                ]
            },
            "pgi": {
                "k=1": [
                    7.314185495488346e-05,
                    3.444635278991581e-05
                ],
                "k=2": [
                    0.00014569242193829268,
                    8.705959998661639e-05
                ],
                "k=3": [
                    0.00021802604896947742,
                    0.0001585178328045722
                ]
            }
        },
        "shap": {
            "pgu": {
                "k=1": [
                    0.04287933185696602,
                    0.010151544819198735
                ],
                "k=2": [
                    0.04280678182840347,
                    0.010103736839005173
                ],
                "k=3": [
                    0.04273363947868347,
                    0.010072438909137463
                ]
            },
            "pgi": {
                "k=1": [
                    7.23336124792695e-05,
                    7.152034035183552e-05
                ],
                "k=2": [
                    0.00014488419401459396,
                    0.00012411412446690362
                ],
                "k=3": [
                    0.00021802604896947742,
                    0.0001585178328045722
                ]
            }
        },
        "lime": {
            "pgu": {
                "k=1": [
                    0.04287852346897125,
                    0.010185217710175207
                ],
                "k=2": [
                    0.04280597344040871,
                    0.010137424333902467
                ],
                "k=3": [
                    0.04273363947868347,
                    0.010072438909137463
                ]
            },
            "pgi": {
                "k=1": [
                    7.314185495488346e-05,
                    3.444635278991581e-05
                ],
                "k=2": [
                    0.00014569242193829268,
                    8.705959998661639e-05
                ],
                "k=3": [
                    0.00021802604896947742,
                    0.0001585178328045722
                ]
            }
        },
        "sp_lime": {
            "pgu": {
                "k=1": [
                    0.04287933185696602,
                    0.010151544819198735
                ],
                "k=2": [
                    0.04280678182840347,
                    0.010103736839005173
                ],
                "k=3": [
                    0.04273363947868347,
                    0.010072438909137463
                ]
            },
            "pgi": {
                "k=1": [
                    7.23336124792695e-05,
                    7.152034035183552e-05
                ],
                "k=2": [
                    0.00014488419401459396,
                    0.00012411412446690362
                ],
                "k=3": [
                    0.00021802604896947742,
                    0.0001585178328045722
                ]
            }
        },
        "pfi": {
            "pgu": {
                "k=1": [
                    0.04287852346897125,
                    0.010185217710175207
                ],
                "k=2": [
                    0.04280597344040871,
                    0.010137424333902467
                ],
                "k=3": [
                    0.04273363947868347,
                    0.010072438909137463
                ]
            },
            "pgi": {
                "k=1": [
                    7.314185495488346e-05,
                    3.444635278991581e-05
                ],