{
    "ge_dict": {
        "shap": {
            "P": [
                0.5530796240093535
            ],
            "Q": [
                0.0029597919679509336
            ],
            "R": [
                0.44396058402269567
            ]
        },
        "lime": {
            "P": [
                0.33730999625607677
            ],
            "Q": [
                0.6535093976152248
            ],
            "R": [
                0.009180606128698447
            ]
        },
        "sp_lime": {
            "P": [
                0.6378646825567811
            ],
            "Q": [
                0.25895577362974653
            ],
            "R": [
                0.1031795438134724
            ]
        },
        "pfi": {
            "P": [
                0.41114744544029236
            ],
            "Q": [
                0.4498247802257538
            ],
            "R": [
                0.13902780413627625
            ]
        },
        "ig": {
            "P": [
                0.48322720326238805
            ],
            "Q": [
                0.003909510940568184
            ],
            "R": [
                0.5128632857970438
            ]
        },
        "sg": {
            "P": [
                0.47200813777067147
            ],
            "Q": [
                0.0031123389633463186
            ],
            "R": [
                0.5248795232659822
            ]
        },
        "itg": {
            "P": [
                0.4319100737008574
            ],
            "Q": [
                0.5675886484834352
            ],
            "R": [
                0.0005012778157075016
            ]
        },
        "icc_topo": {
            "P": [
                4.1477883883089817e-07
            ],
            "Q": [
                0.5874539613723755
            ],
            "R": [
                0.3587544858455658
            ]
        },
        "icc_shap": {
            "P": [
                0.0805642157793045
            ],
            "Q": [
                0.6573902368545532
            ],
            "R": [
                0.2002934068441391
            ]
        }
    },
    "time_dict": {
        "shap": 168.61955404281616,
        "lime": 62.30601453781128,
        "sp_lime": 14.480302333831787,
        "pfi": 0.00424504280090332,
        "ig": 55.599740982055664,
        "sg": 2185.5089304447174,
        "itg": 48.059523582458496,
        "icc_topo": 0.04202437400817871,
        "icc_shap": 0.039229631423950195
    },
    "global_explanations": {
        "P": [
            0.5530796240093535,
            0.33730999625607677,
            0.6378646825567811,
            0.41114744544029236,
            0.48322720326238805,
            0.47200813777067147,
            0.4319100737008574,
            4.1477883883089817e-07,
            0.0805642157793045
        ],
        "Q": [
            0.0029597919679509336,
            0.6535093976152248,
            0.25895577362974653,
            0.4498247802257538,
            0.003909510940568184,
            0.0031123389633463186,
            0.5675886484834352,
            0.5874539613723755,
            0.6573902368545532
        ],
        "R": [
            0.44396058402269567,
            0.009180606128698447,
            0.1031795438134724,
            0.13902780413627625,
            0.5128632857970438,
            0.5248795232659822,
            0.0005012778157075016,
            0.3587544858455658,
            0.2002934068441391
        ]
    }
}