{
    "ge_dict": {
        "ig": {
            "P": [
                0.03582475151751875
            ],
            "Q": [
                0.6945829529963874
            ],
            "R": [
                0.2695922954860938
            ]
        },
        "itg": {
            "P": [
                0.407602391630815
            ],
            "Q": [
                0.010707087837319208
            ],
            "R": [
                0.5816905205318658
            ]
        },
        "sg": {
            "P": [
                0.015865400643496844
            ],
            "Q": [
                0.593296272518954
            ],
            "R": [
                0.3908383268375491
            ]
        },
        "shap": {
            "P": [
                0.0036842468564632852
            ],
            "Q": [
                0.5679360171955289
            ],
            "R": [
                0.42837973594800793
            ]
        },
        "lime": {
            "P": [
                0.09010418116025161
            ],
            "Q": [
                0.6961248141514095
            ],
            "R": [
                0.21377100468833884
            ]
        },
        "sp_lime": {
            "Q": [
                0.5325425425228862
            ],
            "R": [
                0.2752994097431955
            ],
            "P": [
                0.19215804773391826
            ]
        },
        "pfi": {
            "P": [
                0.2644355595111847
            ],
            "Q": [
                0.5490978360176086
            ],
            "R": [
                0.18646660447120667
            ]
        },
        "icc_topo": {
            "P": [
                0.04346112906932831
            ],
            "Q": [
                0.5290426015853882
            ],
            "R": [
                0.4274962246417999
            ]
        },
        "icc_shap": {
            "P": [
                0.12947902083396912
            ],
            "Q": [
                0.5130545496940613
            ],
            "R": [
                0.3574664294719696
            ]
        }
    },
    "time_dict": {
        "ig": 20.756054639816284,
        "itg": 19.00519561767578,
        "sg": 24.2618670463562,
        "shap": 69.97351455688477,
        "lime": 24.492740631103516,
        "sp_lime": 5.456605911254883,
        "pfi": 0.0027446746826171875,
        "icc_topo": 0.8591160774230957,
        "icc_shap": 2.168367624282837
    },
    "global_explanations": {
        "P": [
            0.03582475151751875,
            0.407602391630815,
            0.015865400643496844,
            0.0036842468564632852,
            0.09010418116025161,
            0.19215804773391826,
            0.2644355595111847,
            0.04346112906932831,
            0.12947902083396912
        ],
        "Q": [
            0.6945829529963874,
            0.010707087837319208,
            0.593296272518954,
            0.5679360171955289,
            0.6961248141514095,
            0.5325425425228862,
            0.5490978360176086,
            0.5290426015853882,
            0.5130545496940613
        ],
        "R": [
            0.2695922954860938,
            0.5816905205318658,
            0.3908383268375491,
            0.42837973594800793,
            0.21377100468833884,
            0.2752994097431955,
            0.18646660447120667,
            0.4274962246417999,
            0.3574664294719696
        ]
    }
}