{
    "ge_dict": {
        "ig": {
            "P": [
                0.03582475151751875
            ],
            "Q": [
                0.6945829529963874
            ],
            "R": [
                0.2695922954860938
            ]
        },
        "itg": {
            "P": [
                0.407602391630815
            ],
            "Q": [
                0.010707087837319208
            ],
            "R": [
                0.5816905205318658
            ]
        },
        "sg": {
            "P": [
                0.013516479635023388
            ],
            "Q": [
                0.6015555144169721
            ],
            "R": [
                0.3849280059480046
            ]
        },
        "shap": {
            "P": [
                0.011581334983757826
            ],
            "Q": [
                0.5816155068308969
            ],
            "R": [
                0.4068031581853452
            ]
        },
        "lime": {
            "P": [
                0.0898186412011411
            ],
            "Q": [
                0.6894803065625946
            ],
            "R": [
                0.2207010522362643
            ]
        },
        "sp_lime": {
            "Q": [
                0.534506274422402
            ],
            "R": [
                0.28255180596439106
            ],
            "P": [
                0.1829419196132069
            ]
        },
        "pfi": {
            "P": [
                0.26071757078170776
            ],
            "Q": [
                0.548552393913269
            ],
            "R": [
                0.1907300353050232
            ]
        },
        "icc_topo": {
            "P": [
                0.005392234772443771
            ],
            "Q": [
                0.509203314781189
            ],
            "R": [
                0.4504934847354889
            ]
        },
        "icc_shap": {
            "P": [
                0.1050344854593277
            ],
            "Q": [
                0.4992322623729706
            ],
            "R": [
                0.36082231998443604
            ]
        }
    },
    "time_dict": {
        "ig": 20.80783176422119,
        "itg": 19.59302854537964,
        "sg": 191.52950859069824,
        "shap": 67.40749621391296,
        "lime": 24.79425311088562,
        "sp_lime": 5.294384241104126,
        "pfi": 0.00250244140625,
        "icc_topo": 0.016585588455200195,
        "icc_shap": 0.04121661186218262
    },
    "global_explanations": {
        "P": [
            0.03582475151751875,
            0.407602391630815,
            0.013516479635023388,
            0.011581334983757826,
            0.0898186412011411,
            0.1829419196132069,
            0.26071757078170776,
            0.005392234772443771,
            0.1050344854593277
        ],
        "Q": [
            0.6945829529963874,
            0.010707087837319208,
            0.6015555144169721,
            0.5816155068308969,
            0.6894803065625946,
            0.534506274422402,
            0.548552393913269,
            0.509203314781189,
            0.4992322623729706
        ],
        "R": [
            0.2695922954860938,
            0.5816905205318658,
            0.3849280059480046,
            0.4068031581853452,
            0.2207010522362643,
            0.28255180596439106,
            0.1907300353050232,
            0.4504934847354889,
            0.36082231998443604
        ]
    }
}