{
    "ge_dict": {
        "ig": {
            "W": [
                0.39496250810952593
            ],
            "Z": [
                0.6047044797843895
            ],
            "X": [
                0.00033301210608455357
            ]
        },
        "itg": {
            "W": [
                0.40610556632011974
            ],
            "Z": [
                0.5722404624227175
            ],
            "X": [
                0.021653971257162685
            ]
        },
        "sg": {
            "W": [
                0.010623278782298037
            ],
            "Z": [
                0.6670593291094653
            ],
            "X": [
                0.3223173921082365
            ]
        },
        "shap": {
            "W": [
                0.0022521783762693543
            ],
            "Z": [
                0.5096220905032322
            ],
            "X": [
                0.48812573112049845
            ]
        },
        "lime": {
            "W": [
                0.23838362591164117
            ],
            "Z": [
                0.6520005514275381
            ],
            "X": [
                0.10961582266082082
            ]
        },
        "sp_lime": {
            "Z": [
                0.6618448020897494
            ],
            "W": [
                0.18149407451944596
            ],
            "X": [
                0.15666112339080468
            ]
        },
        "pfi": {
            "W": [
                0.3546171486377716
            ],
            "Z": [
                0.5689636468887329
            ],
            "X": [
                0.07641926407814026
            ]
        },
        "icc_topo": {
            "W": [
                0.05129660665988922
            ],
            "Z": [
                0.7260888814926147
            ],
            "X": [
                0.22223730385303497
            ]
        },
        "icc_shap": {
            "W": [
                0.126468688249588
            ],
            "Z": [
                0.7410150766372681
            ],
            "X": [
                0.13213907182216644
            ]
        }
    },
    "time_dict": {
        "ig": 20.623714923858643,
        "itg": 19.17055892944336,
        "sg": 24.878470420837402,
        "shap": 70.07214975357056,
        "lime": 24.636492490768433,
        "sp_lime": 5.211029529571533,
        "pfi": 0.0026998519897460938,
        "icc_topo": 0.8527810573577881,
        "icc_shap": 2.1016757488250732
    },
    "global_explanations": {
        "W": [
            0.39496250810952593,
            0.40610556632011974,
            0.010623278782298037,
            0.0022521783762693543,
            0.23838362591164117,
            0.18149407451944596,
            0.3546171486377716,
            0.05129660665988922,
            0.126468688249588
        ],
        "Z": [
            0.6047044797843895,
            0.5722404624227175,
            0.6670593291094653,
            0.5096220905032322,
            0.6520005514275381,
            0.6618448020897494,
            0.5689636468887329,
            0.7260888814926147,
            0.7410150766372681
        ],
        "X": [
            0.00033301210608455357,
            0.021653971257162685,
            0.3223173921082365,
            0.48812573112049845,
            0.10961582266082082,
            0.15666112339080468,
            0.07641926407814026,
            0.22223730385303497,
            0.13213907182216644
        ]
    }
}