repayment duration,age,gender,credit amount
0.5186325133024954,0.23164155188435717,0.22002714645112267,0.029698788362024768
