gender,age,credit amount,repayment duration
0.15595395863056183,0.1751614511013031,0.26048532128334045,0.40839922428131104
