gender,age,credit amount,repayment duration
0.06022527441382408,0.03130403906106949,0.06596909463405609,0.8425015807151794
