gender,age,credit amount,repayment duration
0.025998115816750947,0.37010644992070924,0.16951105521714904,0.43438437904539073
