gender,age,credit amount,repayment duration
0.22834695875644684,0.19554422795772552,0.20744766294956207,0.36866119503974915
