gender,age,credit amount,repayment duration
0.28626191745563595,0.20107429303717833,0.0035480806344405677,0.5091157088727453
