gender,age,credit amount,repayment duration
0.23939690105268438,0.27835571485593896,0.05791267789798369,0.4243347061933929
