repayment duration,age,gender,credit amount
0.5186325130589041,0.2316415544729952,0.2200271480848135,0.029698784383287186
