gender,age,credit amount,repayment duration
0.19908776879310608,0.1765235960483551,0.2531222999095917,0.3712663948535919
