gender,age,credit amount,repayment duration
0.23939686865548893,0.2783557123318345,0.0579126662898359,0.42433475272284066
