gender,age,credit amount,repayment duration
0.051090521202485986,0.12232555977890289,0.32334107368614934,0.5032428453324618
