gender,age,credit amount,repayment duration
0.3136699768626131,0.2708724138273872,0.02056920591153828,0.3948884033984614
