gender,age,credit amount,repayment duration
0.2672056125934267,0.081944788913461,0.2523707205446244,0.3984788779484879
