gender,age,credit amount,repayment duration
0.004814821356147674,0.22387496100843976,0.33305589426926374,0.4382543233661489
