gender,age,credit amount,repayment duration
0.14004909814918706,0.26049052756154434,0.15686141756638808,0.4425989567228806
