repayment duration,age,gender,credit amount
0.5145633885760877,0.18402151588995927,0.1642624276037418,0.1371526679302112
