gender,age,credit amount,repayment duration
0.29083441131145027,0.19169006963568025,0.0005941195491806427,0.5168813995036887
