gender,age,credit amount,repayment duration
0.31743472814559937,0.15573608875274658,0.10165423899888992,0.4251749515533447
