gender,age,credit amount,repayment duration
0.16466164965628236,0.19861553868334506,0.1585895233406818,0.4781332883196908
