repayment duration,age,gender,credit amount
0.5128515499803373,0.18376229057075041,0.17668298035318883,0.12670317909572332
