gender,age,credit amount,repayment duration
0.06518489122390747,0.027666084468364716,0.07038038969039917,0.836768627166748
