gender,age,credit amount,repayment duration
0.31743472814559937,0.1557360738515854,0.10165420174598694,0.4251749813556671
