gender,age,credit amount,repayment duration
0.39225925480866275,0.02039131604261011,0.06960591910884181,0.5177435100398854
