gender,age,credit amount,repayment duration
0.3904622612118843,0.4240037995144059,0.1789947375301777,0.006539201743532205
