gender,age,credit amount,repayment duration
0.15148833251940313,0.23212028408941018,0.13214850458174052,0.4842428788094461
