gender,age,credit amount,repayment duration
0.08767999787516001,0.36437728016726445,0.010095165823000435,0.5378475561345751
