gender,age,credit amount,repayment duration
0.039350290171203756,0.3629153023708794,0.17483929268684684,0.42289511477106995
