gender,age,credit amount,repayment duration
0.2516839662389353,0.28473438560034386,0.014783930788512834,0.448797717372208
