gender,age,credit amount,repayment duration
0.2516839671819539,0.2847343880538105,0.014783927950671683,0.44879771681356384
