gender,age,credit amount,repayment duration
0.2936728596687317,0.14530959725379944,0.08579675108194351,0.47522082924842834
