gender,age,credit amount,repayment duration
0.27053171396255493,0.1149900034070015,0.08374449610710144,0.5307338237762451
