gender,age,credit amount,repayment duration
0.08861115574836731,0.16036356985569,0.021134359762072563,0.7298910021781921
