gender,age,credit amount,repayment duration
0.38817587114492846,0.01813021332156066,0.0513372700014982,0.5423566455320126
