gender,age,credit amount,repayment duration
0.15529265999794006,0.2074252963066101,0.1189761757850647,0.5183058977127075
