gender,age,credit amount,repayment duration
0.23080098628997803,0.23371949791908264,0.20266099274158478,0.3328184485435486
