gender,age,credit amount,repayment duration
0.1481521602598071,0.2140914331596763,0.22893904901976603,0.40881735756075055
