gender,age,credit amount,repayment duration
0.11590258415434287,0.27554724956022797,0.15950186159935137,0.44904830468607787
