gender,age,credit amount,repayment duration
0.2691315595142539,0.24581815900919213,0.04185211147002791,0.44319817000652606
