gender,age,credit amount,repayment duration
0.2057120567331745,0.23990601733604874,0.08396123970192644,0.4704206862288504
