repayment duration,age,gender,credit amount
0.48147483339753105,0.25821482836221843,0.1504390881747744,0.10987125006547623
