gender,age,credit amount,repayment duration
0.0788254514336586,0.13306884467601776,0.03023386001586914,0.7578718662261963
