gender,age,credit amount,repayment duration
0.31366979625446545,0.2708725737097477,0.020569311807800174,0.3948883182279868
