gender,age,credit amount,repayment duration
0.057295613690031305,0.39064566720668886,0.048457602805589126,0.5036011162976907
