repayment duration,gender,age,credit amount
0.5540767661889202,0.2238634560793551,0.1492610622531783,0.07279871547854629
