gender,age,credit amount,repayment duration
0.3374161720275879,0.1763211339712143,0.09841561317443848,0.38784709572792053
