gender,age,credit amount,repayment duration
0.055010899901390076,0.007735443767160177,0.06809240579605103,0.8691612482070923
