gender,age,credit amount,repayment duration
0.39046230432821005,0.4240038007202668,0.178994694764013,0.006539200187510156
