gender,age,credit amount,repayment duration
0.20439141988754272,0.2008463591337204,0.24582508206367493,0.3489372134208679
