gender,age,credit amount,repayment duration
0.0660109668970108,0.036178454756736755,0.07654905319213867,0.8212615847587585
