gender,age,credit amount,repayment duration
0.2065637528373801,0.20510849421587754,0.11667778597608193,0.4716499669706605
