{
    "ge_dict": {
        "ig": {
            "asia": [
                0.07523263660394551
            ],
            "tub": [
                0.07448002146601906
            ],
            "smoke": [
                0.015045374232291355
            ],
            "lung": [
                0.09824980047979787
            ],
            "bronc": [
                0.6554314945207643
            ],
            "either": [
                0.00973503551051883
            ],
            "xray": [
                0.07182563718666318
            ]
        },
        "itg": {
            "asia": [
                0.25552115808234954
            ],
            "tub": [
                0.15924395045667636
            ],
            "smoke": [
                0.05508499531932991
            ],
            "lung": [
                0.2936458640809556
            ],
            "bronc": [
                0.0007526581736643002
            ],
            "either": [
                0.1980254475003061
            ],
            "xray": [
                0.03772592638671806
            ]
        },
        "sg": {
            "asia": [
                0.011291925316600818
            ],
            "tub": [
                0.15238054508280427
            ],
            "smoke": [
                0.08590650209361589
            ],
            "lung": [
                0.3065925271905213
            ],
            "bronc": [
                0.004736838851313179
            ],
            "either": [
                0.21862810902617616
            ],
            "xray": [
                0.22046355243896823
            ]
        },
        "shap": {
            "asia": [
                0.12300296578983204
            ],
            "tub": [
                0.2011230305695493
            ],
            "smoke": [
                0.16791380726737315
            ],
            "lung": [
                0.2584739316965111
            ],
            "bronc": [
                0.0022754220735816347
            ],
            "either": [
                0.11432018940508992
            ],
            "xray": [
                0.13289065319806279
            ]
        },
        "lime": {
            "asia": [
                0.023100445201600858
            ],
            "tub": [
                0.029206700179964056
            ],
            "smoke": [
                0.08019873648794118
            ],
            "lung": [
                0.006196817346926602
            ],
            "bronc": [
                0.748965729253438
            ],
            "either": [
                0.0689637277229124
            ],
            "xray": [
                0.04336784380721707
            ]
        },
        "sp_lime": {
            "bronc": [
                0.8025106009859281
            ],
            "either": [
                0.06189423414727149
            ],
            "smoke": [
                0.04133777506643202
            ],
            "xray": [
                0.03518536370101289
            ],
            "asia": [
                0.026301016291294527
            ],
            "lung": [
                0.01701135037446049
            ],
            "tub": [
                0.01575965943360043
            ]
        },
        "pfi": {
            "asia": [
                0.04647320881485939
            ],
            "tub": [
                0.03875228762626648
            ],
            "smoke": [
                0.06841011345386505
            ],
            "lung": [
                0.09488197416067123
            ],
            "bronc": [
                0.6111481189727783
            ],
            "either": [
                0.07516879588365555
            ],
            "xray": [
                0.06516548246145248
            ]
        },
        "icc_topo": {
            "asia": [
                0.002917076461017132
            ],
            "tub": [
                0.0018153691198676825
            ],
            "smoke": [
                0.0007250675116665661
            ],
            "lung": [
                0.01846502535045147
            ],
            "bronc": [
                0.9494624733924866
            ],
            "either": [
                0.010488870553672314
            ],
            "xray": [
                0.015606128610670567
            ]
        },
        "icc_shap": {
            "asia": [
                0.0024719168432056904
            ],
            "tub": [
                0.0027306010015308857
            ],
            "smoke": [
                0.007885993458330631
            ],
            "lung": [
                0.02114790305495262
            ],
            "bronc": [
                0.9440281391143799
            ],
            "either": [
                0.007625286001712084
            ],
            "xray": [
                0.010543597862124443
            ]
        }
    },
    "time_dict": {
        "ig": 20.966808080673218,
        "itg": 19.59581995010376,
        "sg": 191.515962600708,
        "shap": 69.25940442085266,
        "lime": 22.56297779083252,
        "sp_lime": 2.912964344024658,
        "pfi": 0.004332304000854492,
        "icc_topo": 0.6422803401947021,
        "icc_shap": 1.2573907375335693
    },
    "global_explanations": {
        "asia": [
            0.07523263660394551,
            0.25552115808234954,
            0.011291925316600818,
            0.12300296578983204,
            0.023100445201600858,
            0.026301016291294527,
            0.04647320881485939,
            0.002917076461017132,
            0.0024719168432056904
        ],
        "tub": [
            0.07448002146601906,
            0.15924395045667636,
            0.15238054508280427,
            0.2011230305695493,
            0.029206700179964056,
            0.01575965943360043,
            0.03875228762626648,
            0.0018153691198676825,
            0.0027306010015308857
        ],
        "smoke": [
            0.015045374232291355,
            0.05508499531932991,
            0.08590650209361589,
            0.16791380726737315,
            0.08019873648794118,
            0.04133777506643202,
            0.06841011345386505,
            0.0007250675116665661,
            0.007885993458330631
        ],
        "lung": [
            0.09824980047979787,
            0.2936458640809556,
            0.3065925271905213,
            0.2584739316965111,
            0.006196817346926602,
            0.01701135037446049,
            0.09488197416067123,
            0.01846502535045147,
            0.02114790305495262
        ],
        "bronc": [
            0.6554314945207643,
            0.0007526581736643002,
            0.004736838851313179,
            0.0022754220735816347,
            0.748965729253438,
            0.8025106009859281,
            0.6111481189727783,
            0.9494624733924866,
            0.9440281391143799
        ],
        "either": [
            0.00973503551051883,
            0.1980254475003061,
            0.21862810902617616,
            0.11432018940508992,
            0.0689637277229124,
            0.06189423414727149,
            0.07516879588365555,
            0.010488870553672314,
            0.007625286001712084
        ],
        "xray": [
            0.07182563718666318,
            0.03772592638671806,
            0.22046355243896823,
            0.13289065319806279,
            0.04336784380721707,
            0.03518536370101289,
            0.06516548246145248,
            0.015606128610670567,
            0.010543597862124443
        ]
    }
}