{
    "ge_dict": {
        "ig": {
            "asia": [
                0.09972005311386237
            ],
            "tub": [
                0.009998243185155692
            ],
            "smoke": [
                0.10624169046369798
            ],
            "lung": [
                0.09315263222560574
            ],
            "bronc": [
                0.6515210222247474
            ],
            "either": [
                0.006586440787883079
            ],
            "xray": [
                0.03277991799904787
            ]
        },
        "itg": {
            "asia": [
                0.024182931370220786
            ],
            "tub": [
                0.08842117881135172
            ],
            "smoke": [
                0.1268312216647543
            ],
            "lung": [
                0.21666603915678476
            ],
            "bronc": [
                0.0006433930157938864
            ],
            "either": [
                0.21090842627774348
            ],
            "xray": [
                0.3323468097033511
            ]
        },
        "sg": {
            "asia": [
                0.018525160975987172
            ],
            "tub": [
                0.14327631183535033
            ],
            "smoke": [
                0.09810080179710913
            ],
            "lung": [
                0.30932806442116956
            ],
            "bronc": [
                0.00907637861650958
            ],
            "either": [
                0.1988690125792739
            ],
            "xray": [
                0.22282426977460032
            ]
        },
        "shap": {
            "asia": [
                0.06270075805186104
            ],
            "tub": [
                0.0010652918918458447
            ],
            "smoke": [
                0.04571133556359293
            ],
            "lung": [
                0.2897407025948352
            ],
            "bronc": [
                0.25682342654491264
            ],
            "either": [
                0.159575322901449
            ],
            "xray": [
                0.18438316245150327
            ]
        },
        "lime": {
            "asia": [
                0.024674280114941615
            ],
            "tub": [
                2.6119115756328993e-05
            ],
            "smoke": [
                0.06430814940436376
            ],
            "lung": [
                0.04399113886469159
            ],
            "bronc": [
                0.7480630411666848
            ],
            "either": [
                0.06498735265814091
            ],
            "xray": [
                0.0539499186754211
            ]
        },
        "sp_lime": {
            "bronc": [
                0.7968869398714148
            ],
            "either": [
                0.06883793841560669
            ],
            "smoke": [
                0.05219936046378095
            ],
            "xray": [
                0.028052860421105812
            ],
            "asia": [
                0.02485170139524549
            ],
            "tub": [
                0.016510872815168796
            ],
            "lung": [
                0.012660326617677475
            ]
        },
        "pfi": {
            "asia": [
                0.04466830939054489
            ],
            "tub": [
                0.03923067823052406
            ],
            "smoke": [
                0.06868752837181091
            ],
            "lung": [
                0.11022046208381653
            ],
            "bronc": [
                0.6035965085029602
            ],
            "either": [
                0.0698208212852478
            ],
            "xray": [
                0.06377562880516052
            ]
        },
        "icc_topo": {
            "asia": [
                0.0017028400907292962
            ],
            "tub": [
                0.002101222286000848
            ],
            "smoke": [
                0.005614907015115023
            ],
            "lung": [
                0.008847390301525593
            ],
            "bronc": [
                0.9591410160064697
            ],
            "either": [
                0.009666160680353642
            ],
            "xray": [
                0.006894207093864679
            ]
        },
        "icc_shap": {
            "asia": [
                0.002145926933735609
            ],
            "tub": [
                0.002226676093414426
            ],
            "smoke": [
                0.009096172638237476
            ],
            "lung": [
                0.01288523804396391
            ],
            "bronc": [
                0.9554940462112427
            ],
            "either": [
                0.007443508133292198
            ],
            "xray": [
                0.004675915464758873
            ]
        }
    },
    "time_dict": {
        "ig": 20.366122007369995,
        "itg": 18.928190231323242,
        "sg": 24.195270538330078,
        "shap": 70.80716395378113,
        "lime": 21.803714752197266,
        "sp_lime": 3.169286012649536,
        "pfi": 0.004562854766845703,
        "icc_topo": 19.99941086769104,
        "icc_shap": 39.56182861328125
    },
    "global_explanations": {
        "asia": [
            0.09972005311386237,
            0.024182931370220786,
            0.018525160975987172,
            0.06270075805186104,
            0.024674280114941615,
            0.02485170139524549,
            0.04466830939054489,
            0.0017028400907292962,
            0.002145926933735609
        ],
        "tub": [
            0.009998243185155692,
            0.08842117881135172,
            0.14327631183535033,
            0.0010652918918458447,
            2.6119115756328993e-05,
            0.016510872815168796,
            0.03923067823052406,
            0.002101222286000848,
            0.002226676093414426
        ],
        "smoke": [
            0.10624169046369798,
            0.1268312216647543,
            0.09810080179710913,
            0.04571133556359293,
            0.06430814940436376,
            0.05219936046378095,
            0.06868752837181091,
            0.005614907015115023,
            0.009096172638237476
        ],
        "lung": [
            0.09315263222560574,
            0.21666603915678476,
            0.30932806442116956,
            0.2897407025948352,
            0.04399113886469159,
            0.012660326617677475,
            0.11022046208381653,
            0.008847390301525593,
            0.01288523804396391
        ],
        "bronc": [
            0.6515210222247474,
            0.0006433930157938864,
            0.00907637861650958,
            0.25682342654491264,
            0.7480630411666848,
            0.7968869398714148,
            0.6035965085029602,
            0.9591410160064697,
            0.9554940462112427
        ],
        "either": [
            0.006586440787883079,
            0.21090842627774348,
            0.1988690125792739,
            0.159575322901449,
            0.06498735265814091,
            0.06883793841560669,
            0.0698208212852478,
            0.009666160680353642,
            0.007443508133292198
        ],
        "xray": [
            0.03277991799904787,
            0.3323468097033511,
            0.22282426977460032,
            0.18438316245150327,
            0.0539499186754211,
            0.028052860421105812,
            0.06377562880516052,
            0.006894207093864679,
            0.004675915464758873
        ]
    }
}