{
    "ge_dict": {
        "ig": {
            "asia": [
                0.08154449485428501
            ],
            "tub": [
                0.08633803957517541
            ],
            "smoke": [
                0.0905145779650163
            ],
            "lung": [
                0.0052915627824717225
            ],
            "bronc": [
                0.6563187176820997
            ],
            "either": [
                0.01595343184120195
            ],
            "xray": [
                0.06403917529974998
            ]
        },
        "itg": {
            "asia": [
                0.1448613104218152
            ],
            "tub": [
                0.19893258157607058
            ],
            "smoke": [
                0.12967773933398108
            ],
            "lung": [
                0.24636605369332729
            ],
            "bronc": [
                0.001052941611081021
            ],
            "either": [
                0.26810363053691993
            ],
            "xray": [
                0.011005742826804985
            ]
        },
        "sg": {
            "asia": [
                0.08697808719863864
            ],
            "tub": [
                0.09710050224923114
            ],
            "smoke": [
                0.0011410129201573427
            ],
            "lung": [
                0.31972001389224913
            ],
            "bronc": [
                0.0016874513954741343
            ],
            "either": [
                0.21276215108473692
            ],
            "xray": [
                0.28061078125951266
            ]
        },
        "shap": {
            "asia": [
                0.147855278838768
            ],
            "tub": [
                0.18095779454814584
            ],
            "smoke": [
                0.03719305587967327
            ],
            "lung": [
                0.2506564540610926
            ],
            "bronc": [
                0.01474562095151673
            ],
            "either": [
                0.2339515508739505
            ],
            "xray": [
                0.13464024484685308
            ]
        },
        "lime": {
            "asia": [
                0.024208776121250823
            ],
            "tub": [
                0.03129963561200767
            ],
            "smoke": [
                0.07483086366937663
            ],
            "lung": [
                0.007677519984562505
            ],
            "bronc": [
                0.7559934744682155
            ],
            "either": [
                0.06811729778444434
            ],
            "xray": [
                0.037872432360142524
            ]
        },
        "sp_lime": {
            "bronc": [
                0.7974038738870893
            ],
            "either": [
                0.06960467808428784
            ],
            "smoke": [
                0.044378021994209975
            ],
            "asia": [
                0.02936882669230063
            ],
            "xray": [
                0.02870588046715959
            ],
            "lung": [
                0.022969547032292554
            ],
            "tub": [
                0.007569171842659992
            ]
        },
        "pfi": {
            "asia": [
                0.048507362604141235
            ],
            "tub": [
                0.03680741786956787
            ],
            "smoke": [
                0.07412362098693848
            ],
            "lung": [
                0.10385647416114807
            ],
            "bronc": [
                0.5946551561355591
            ],
            "either": [
                0.08500509709119797
            ],
            "xray": [
                0.05704491585493088
            ]
        }
    },
    "evaluation_metrics": {
        "ig": {
            "pgu": {
                "k=1": [
                    0.5751448273658752,
                    -0.4000000059604645
                ],
                "k=2": [
                    0.5737023949623108,
                    -0.398333340883255
                ],
                "k=3": [
                    0.5721540451049805,
                    -0.39666667580604553
                ],
                "k=4": [
                    0.570645272731781,
                    -0.39500001072883606
                ],
                "k=5": [
                    0.5700789093971252,
                    -0.39500001072883606
                ],
                "k=6": [
                    0.5686234831809998,
                    -0.3933333456516266
                ],
                "k=7": [
                    0.5683124661445618,
                    -0.3933333456516266
                ]
            },
            "pgi": {
                "k=1": [
                    0.0009076257701963186,
                    0.0016666667070239782
                ],
                "k=2": [
                    0.0023500306997448206,
                    0.0
                ],
                "k=3": [
                    0.0038984541315585375,
                    -0.0016666667070239782
                ],
                "k=4": [
                    0.00540721183642745,
                    -0.0033333334140479565
                ],
                "k=5": [
                    0.005973530001938343,
                    -0.0033333334140479565
                ],
                "k=6": [
                    0.0074289836920797825,
                    -0.004999999888241291
                ],
                "k=7": [
                    0.007739977911114693,
                    -0.004999999888241291
                ]
            }
        },
        "itg": {
            "pgu": {
                "k=1": [
                    0.5745970010757446,
                    -0.39666667580604553
                ],
                "k=2": [
                    0.5742859840393066,
                    -0.39666667580604553
                ],
                "k=3": [
                    0.5727375745773315,
                    -0.39500001072883606
                ],
                "k=4": [
                    0.5712288022041321,
                    -0.3933333456516266
                ],
                "k=5": [
                    0.5697864294052124,
                    -0.3916666805744171
                ],
                "k=6": [
                    0.5692200660705566,
                    -0.3916666805744171
                ],
                "k=7": [
                    0.5683124661445618,
                    -0.3933333456516266
                ]
            },
            "pgi": {
                "k=1": [
                    0.0014554536901414394,
                    -0.0016666667070239782
                ],
                "k=2": [
                    0.0017664474435150623,
                    -0.0016666667070239782
                ],
                "k=3": [
                    0.0033148706424981356,
                    -0.0033333334140479565
                ],
                "k=4": [
                    0.004823628347367048,
                    -0.004999999888241291
                ],
                "k=5": [
                    0.00626603327691555,
                    -0.006666666828095913
                ],
                "k=6": [
                    0.00683235190808773,
                    -0.006666666828095913
                ],
                "k=7": [
                    0.007739977911114693,
                    -0.004999999888241291
                ]
            }
        },
        "sg": {
            "pgu": {
                "k=1": [
                    0.5757414102554321,
                    -0.398333340883255
                ],
                "k=2": [
                    0.5751751065254211,
                    -0.398333340883255
                ],
                "k=3": [
                    0.5737196803092957,
                    -0.39666667580604553
                ],