{
    "ge_dict": {
        "ig": {
            "asia": [
                0.09972005239619872
            ],
            "tub": [
                0.009998245911949661
            ],
            "smoke": [
                0.10624168969909953
            ],
            "lung": [
                0.09315263955163258
            ],
            "bronc": [
                0.6515210175358915
            ],
            "either": [
                0.006586443139409744
            ],
            "xray": [
                0.03277991176581826
            ]
        },
        "itg": {
            "asia": [
                0.02418293219713176
            ],
            "tub": [
                0.08842117687802215
            ],
            "smoke": [
                0.12683128879614308
            ],
            "lung": [
                0.21666611245804335
            ],
            "bronc": [
                0.0006433933528956662
            ],
            "either": [
                0.21090841197553697
            ],
            "xray": [
                0.33234668434222703
            ]
        },
        "sg": {
            "asia": [
                0.018525166281440374
            ],
            "tub": [
                0.14327632616987826
            ],
            "smoke": [
                0.0981008016544422
            ],
            "lung": [
                0.30932806397131707
            ],
            "bronc": [
                0.009076389268098194
            ],
            "either": [
                0.19886901229006085
            ],
            "xray": [
                0.22282424036476312
            ]
        },
        "shap": {
            "asia": [
                0.06270134537719509
            ],
            "tub": [
                0.0010651228290742656
            ],
            "smoke": [
                0.04571140946304307
            ],
            "lung": [
                0.2897406508406314
            ],
            "bronc": [
                0.25682317341791405
            ],
            "either": [
                0.15957514387130262
            ],
            "xray": [
                0.1843831542008394
            ]
        },
        "lime": {
            "asia": [
                0.024674281449395784
            ],
            "tub": [
                2.611892973839818e-05
            ],
            "smoke": [
                0.0643081501825619
            ],
            "lung": [
                0.04399113879545422
            ],
            "bronc": [
                0.748063039145895
            ],
            "either": [
                0.06498735317188646
            ],
            "xray": [
                0.053949918325068236
            ]
        },
        "sp_lime": {
            "bronc": [
                0.7968869436041671
            ],
            "either": [
                0.0688379397006878
            ],
            "smoke": [
                0.05219936028050491
            ],
            "xray": [
                0.028052859502828636
            ],
            "asia": [
                0.024851699897937125
            ],
            "tub": [
                0.01651087152151063
            ],
            "lung": [
                0.012660325492363718
            ]
        },
        "pfi": {
            "asia": [
                0.046698883175849915
            ],
            "tub": [
                0.03702359274029732
            ],
            "smoke": [
                0.06852678954601288
            ],
            "lung": [
                0.11422441899776459
            ],
            "bronc": [
                0.5895116329193115
            ],
            "either": [
                0.07983830571174622
            ],
            "xray": [
                0.06417623907327652
            ]
        },
        "icc_topo": {
            "asia": [
                0.0017028264701366425
            ],
            "tub": [
                0.002101222286000848
            ],
            "smoke": [
                0.005614907015115023
            ],
            "lung": [
                0.008847332559525967
            ],
            "bronc": [
                0.9591410756111145
            ],
            "either": [
                0.009666201658546925
            ],
            "xray": [
                0.006894207093864679
            ]
        }
    },
    "evaluation_metrics": {
        "ig": {
            "pgu": {
                "k=1": [
                    0.5904657244682312,
                    -0.4050000011920929
                ],
                "k=2": [
                    0.5889820456504822,
                    -0.4033333361148834
                ],
                "k=3": [
                    0.5874555706977844,
                    -0.40166667103767395
                ],
                "k=4": [
                    0.5870339870452881,
                    -0.40166667103767395
                ],
                "k=5": [
                    0.5864124298095703,
                    -0.40166667103767395
                ],
                "k=6": [
                    0.5848432183265686,
                    -0.4000000059604645
                ],
                "k=7": [
                    0.5833868384361267,
                    -0.398333340883255
                ]
            },
            "pgi": {
                "k=1": [
                    0.0009135449072346091,
                    0.0016666667070239782
                ],
                "k=2": [
                    0.0023972552735358477,
                    0.0
                ],
                "k=3": [
                    0.003923715092241764,
                    -0.0016666667070239782
                ],
                "k=4": [
                    0.004345330875366926,
                    -0.0016666667070239782
                ],
                "k=5": [
                    0.0049669174477458,
                    -0.0016666667070239782
                ],
                "k=6": [
                    0.006536065135151148,
                    -0.0033333334140479565
                ],
                "k=7": [
                    0.007992490194737911,
                    -0.004999999888241291
                ]
            }
        },
        "itg": {
            "pgu": {
                "k=1": [
                    0.5907577276229858,
                    -0.4033333361148834
                ],
                "k=2": [
                    0.5903360843658447,
                    -0.4033333361148834
                ],
                "k=3": [
                    0.5888797044754028,
                    -0.40166667103767395
                ],
                "k=4": [
                    0.587395966053009,
                    -0.4000000059604645
                ],
                "k=5": [
                    0.5858268141746521,
                    -0.398333340883255
                ],
                "k=6": [
                    0.5843003988265991,
                    -0.39666667580604553
                ],
                "k=7": [
                    0.5833868384361267,
                    -0.398333340883255
                ]
            },
            "pgi": {
                "k=1": [
                    0.0006215869216248393,
                    0.0
                ],
                "k=2": [
                    0.0010432028211653233,
                    0.0
                ],
                "k=3": [
                    0.002499627647921443,
                    -0.0016666667070239782
                ],
                "k=4": [
                    0.00398333789780736,
                    -0.0033333334140479565
                ],
                "k=5": [
                    0.0055524855852127075,
                    -0.004999999888241291
                ],
                "k=6": [
                    0.007078945636749268,
                    -0.006666666828095913
                ],