{
    "ge_dict": {
        "shap": {
            "asia": [
                0.003737820785857489
            ],
            "tub": [
                0.0390630717956356
            ],
            "smoke": [
                0.04162243252842419
            ],
            "lung": [
                0.2522605060166481
            ],
            "bronc": [
                0.2176801183239675
            ],
            "either": [
                0.2737190340588285
            ],
            "xray": [
                0.17191701649063856
            ]
        },
        "lime": {
            "asia": [
                0.013718500771736128
            ],
            "tub": [
                0.0038411224504979534
            ],
            "smoke": [
                0.03976067463751951
            ],
            "lung": [
                0.05118951286644393
            ],
            "bronc": [
                0.805354972962565
            ],
            "either": [
                0.07442460461184931
            ],
            "xray": [
                0.011710611699388113
            ]
        },
        "sp_lime": {
            "bronc": [
                0.7998144077813447
            ],
            "either": [
                0.061977496938368466
            ],
            "lung": [
                0.04326986662167991
            ],
            "asia": [
                0.039088387595065804
            ],
            "smoke": [
                0.03812540468672397
            ],
            "xray": [
                0.008975286732123788
            ],
            "tub": [
                0.008749149644693331
            ]
        },
        "pfi": {
            "asia": [
                0.035994358360767365
            ],
            "tub": [
                0.03938383236527443
            ],
            "smoke": [
                0.0507500134408474
            ],
            "lung": [
                0.07918943464756012
            ],
            "bronc": [
                0.6477108597755432
            ],
            "either": [
                0.08746190369129181
            ],
            "xray": [
                0.05950964614748955
            ]
        },
        "ig": {
            "asia": [
                0.04597448435091013
            ],
            "tub": [
                0.09198244073048102
            ],
            "smoke": [
                0.14190740151591968
            ],
            "lung": [
                0.2294398320247967
            ],
            "bronc": [
                0.006665846112225471
            ],
            "either": [
                0.3034446133258259
            ],
            "xray": [
                0.18058538193984094
            ]
        },
        "sg": {
            "asia": [
                0.16713198667710918
            ],
            "tub": [
                0.013061040421412448
            ],
            "smoke": [
                0.1163171580676024
            ],
            "lung": [
                0.2756636368090316
            ],
            "bronc": [
                0.0003848772718169819
            ],
            "either": [
                0.18625192101738833
            ],
            "xray": [
                0.2411893797356391
            ]
        },
        "itg": {
            "asia": [
                0.1912611936769995
            ],
            "tub": [
                0.0616598128116283
            ],
            "smoke": [
                0.13189622400889237
            ],
            "lung": [
                0.17398362272087275
            ],
            "bronc": [
                0.0001418507991256405
            ],
            "either": [
                0.1943176307079802
            ],
            "xray": [
                0.24673966527450122
            ]
        },
        "icc_topo": {
            "asia": [
                0.00011330686538713053
            ],
            "tub": [
                0.0006759501411579549
            ],
            "smoke": [
                0.001528363674879074
            ],
            "lung": [
                0.002290034433826804
            ],
            "bronc": [
                0.9650230407714844
            ],
            "either": [
                0.010393356904387474
            ],
            "xray": [
                0.007743533235043287
            ]
        },
        "icc_shap": {
            "asia": [
                0.0017844552639871836
            ],
            "tub": [
                0.0009659547940827906
            ],
            "smoke": [
                0.004758039489388466
            ],
            "lung": [
                0.006282172165811062
            ],
            "bronc": [
                0.9761189222335815
            ],
            "either": [
                0.007552729453891516
            ],
            "xray": [
                0.00395436305552721
            ]
        }
    },
    "time_dict": {
        "shap": 173.0618155002594,
        "lime": 56.35642218589783,
        "sp_lime": 7.9282824993133545,
        "pfi": 0.012462854385375977,
        "ig": 55.67380118370056,
        "sg": 2132.8131318092346,
        "itg": 47.65146565437317,
        "icc_topo": 5.089592218399048,
        "icc_shap": 9.56221079826355
    },
    "global_explanations": {
        "asia": [
            0.003737820785857489,
            0.013718500771736128,
            0.039088387595065804,
            0.035994358360767365,
            0.04597448435091013,
            0.16713198667710918,
            0.1912611936769995,
            0.00011330686538713053,
            0.0017844552639871836
        ],
        "tub": [
            0.0390630717956356,
            0.0038411224504979534,
            0.008749149644693331,
            0.03938383236527443,
            0.09198244073048102,
            0.013061040421412448,
            0.0616598128116283,
            0.0006759501411579549,
            0.0009659547940827906
        ],
        "smoke": [
            0.04162243252842419,
            0.03976067463751951,
            0.03812540468672397,
            0.0507500134408474,
            0.14190740151591968,
            0.1163171580676024,
            0.13189622400889237,
            0.001528363674879074,
            0.004758039489388466
        ],
        "lung": [
            0.2522605060166481,
            0.05118951286644393,
            0.04326986662167991,
            0.07918943464756012,
            0.2294398320247967,
            0.2756636368090316,
            0.17398362272087275,
            0.002290034433826804,
            0.006282172165811062
        ],
        "bronc": [
            0.2176801183239675,
            0.805354972962565,
            0.7998144077813447,
            0.6477108597755432,
            0.006665846112225471,
            0.0003848772718169819,
            0.0001418507991256405,
            0.9650230407714844,
            0.9761189222335815
        ],
        "either": [
            0.2737190340588285,
            0.07442460461184931,
            0.061977496938368466,
            0.08746190369129181,
            0.3034446133258259,
            0.18625192101738833,
            0.1943176307079802,
            0.010393356904387474,
            0.007552729453891516
        ],
        "xray": [
            0.17191701649063856,
            0.011710611699388113,
            0.008975286732123788,
            0.05950964614748955,
            0.18058538193984094,
            0.2411893797356391,
            0.24673966527450122,
            0.007743533235043287,
            0.00395436305552721
        ]
    }
}