{
    "ge_dict": {
        "ig": {
            "asia": [
                0.07523263660394551
            ],
            "tub": [
                0.07448002146601906
            ],
            "smoke": [
                0.015045374232291355
            ],
            "lung": [
                0.09824980047979787
            ],
            "bronc": [
                0.6554314945207643
            ],
            "either": [
                0.00973503551051883
            ],
            "xray": [
                0.07182563718666318
            ]
        },
        "itg": {
            "asia": [
                0.25552115808234954
            ],
            "tub": [
                0.15924395045667636
            ],
            "smoke": [
                0.05508499531932991
            ],
            "lung": [
                0.2936458640809556
            ],
            "bronc": [
                0.0007526581736643002
            ],
            "either": [
                0.1980254475003061
            ],
            "xray": [
                0.03772592638671806
            ]
        },
        "sg": {
            "asia": [
                0.09080007538678342
            ],
            "tub": [
                0.0024987965289320676
            ],
            "smoke": [
                0.09558792330202952
            ],
            "lung": [
                0.37785707438005844
            ],
            "bronc": [
                0.001109187669635858
            ],
            "either": [
                0.18984024074676567
            ],
            "xray": [
                0.24230670198579513
            ]
        },
        "shap": {
            "asia": [
                0.06502032921778861
            ],
            "tub": [
                0.000619291292321127
            ],
            "smoke": [
                0.04459027277256233
            ],
            "lung": [
                0.2915329838567314
            ],
            "bronc": [
                0.25592188945494754
            ],
            "either": [
                0.16265073348767656
            ],
            "xray": [
                0.17966449991797245
            ]
        },
        "lime": {
            "asia": [
                0.038982977654012714
            ],
            "tub": [
                0.014989624240687952
            ],
            "smoke": [
                0.06230466318715373
            ],
            "lung": [
                0.02641296239672275
            ],
            "bronc": [
                0.74832295799077
            ],
            "either": [
                0.06358788940306348
            ],
            "xray": [
                0.045398925127589536
            ]
        },
        "sp_lime": {
            "bronc": [
                0.7960787892879454
            ],
            "either": [
                0.06904451423998664
            ],
            "smoke": [
                0.05177996416529173
            ],
            "xray": [
                0.02851286585362938
            ],
            "asia": [
                0.025655899961817462
            ],
            "tub": [
                0.015485415779624274
            ],
            "lung": [
                0.013442550711705028
            ]
        },
        "pfi": {
            "asia": [
                0.04458264261484146
            ],
            "tub": [
                0.039490919560194016
            ],
            "smoke": [
                0.06839078664779663
            ],
            "lung": [
                0.10981154441833496
            ],
            "bronc": [
                0.6041576266288757
            ],
            "either": [
                0.07017591595649719
            ],
            "xray": [
                0.06339044123888016
            ]
        },
        "icc_topo": {
            "asia": [
                0.0017183241434395313
            ],
            "tub": [
                0.0020464288536459208
            ],
            "smoke": [
                0.006635311990976334
            ],
            "lung": [
                0.012433834373950958
            ],
            "bronc": [
                0.9479281306266785
            ],
            "either": [
                0.011233218014240265
            ],
            "xray": [
                0.011396178975701332
            ]
        },
        "icc_shap": {
            "asia": [
                0.0023373793810606003
            ],
            "tub": [
                0.002294902689754963
            ],
            "smoke": [
                0.010614555329084396
            ],
            "lung": [
                0.017308449372649193
            ],
            "bronc": [
                0.9438858032226562
            ],
            "either": [
                0.009286819025874138
            ],
            "xray": [
                0.007663601078093052
            ]
        }
    },
    "time_dict": {
        "ig": 20.96039915084839,
        "itg": 19.137165069580078,
        "sg": 24.42048740386963,
        "shap": 71.15185022354126,
        "lime": 22.102417945861816,
        "sp_lime": 3.4241135120391846,
        "pfi": 0.00870370864868164,
        "icc_topo": 32.171412229537964,
        "icc_shap": 63.43117380142212
    },
    "global_explanations": {
        "asia": [
            0.07523263660394551,
            0.25552115808234954,
            0.09080007538678342,
            0.06502032921778861,
            0.038982977654012714,
            0.025655899961817462,
            0.04458264261484146,
            0.0017183241434395313,
            0.0023373793810606003
        ],
        "tub": [
            0.07448002146601906,
            0.15924395045667636,
            0.0024987965289320676,
            0.000619291292321127,
            0.014989624240687952,
            0.015485415779624274,
            0.039490919560194016,
            0.0020464288536459208,
            0.002294902689754963
        ],
        "smoke": [
            0.015045374232291355,
            0.05508499531932991,
            0.09558792330202952,
            0.04459027277256233,
            0.06230466318715373,
            0.05177996416529173,
            0.06839078664779663,
            0.006635311990976334,
            0.010614555329084396
        ],
        "lung": [
            0.09824980047979787,
            0.2936458640809556,
            0.37785707438005844,
            0.2915329838567314,
            0.02641296239672275,
            0.013442550711705028,
            0.10981154441833496,
            0.012433834373950958,
            0.017308449372649193
        ],
        "bronc": [
            0.6554314945207643,
            0.0007526581736643002,
            0.001109187669635858,
            0.25592188945494754,
            0.74832295799077,
            0.7960787892879454,
            0.6041576266288757,
            0.9479281306266785,
            0.9438858032226562
        ],
        "either": [
            0.00973503551051883,
            0.1980254475003061,
            0.18984024074676567,
            0.16265073348767656,
            0.06358788940306348,
            0.06904451423998664,
            0.07017591595649719,
            0.011233218014240265,
            0.009286819025874138
        ],
        "xray": [
            0.07182563718666318,
            0.03772592638671806,
            0.24230670198579513,
            0.17966449991797245,
            0.045398925127589536,
            0.02851286585362938,
            0.06339044123888016,
            0.011396178975701332,
            0.007663601078093052
        ]
    }
}