{
    "ge_dict": {
        "shap": {
            "gender": [
                0.39225925480866275
            ],
            "age": [
                0.02039131604261011
            ],
            "credit amount": [
                0.06960591910884181
            ],
            "repayment duration": [
                0.5177435100398854
            ]
        },
        "lime": {
            "gender": [
                0.15148833251940313
            ],
            "age": [
                0.23212028408941018
            ],
            "credit amount": [
                0.13214850458174052
            ],
            "repayment duration": [
                0.4842428788094461
            ]
        },
        "sp_lime": {
            "repayment duration": [
                0.48147483339753105
            ],
            "age": [
                0.25821482836221843
            ],
            "gender": [
                0.1504390881747744
            ],
            "credit amount": [
                0.10987125006547623
            ]
        },
        "pfi": {
            "gender": [
                0.15529265999794006
            ],
            "age": [
                0.2074252963066101
            ],
            "credit amount": [
                0.1189761757850647
            ],
            "repayment duration": [
                0.5183058977127075
            ]
        },
        "ig": {
            "gender": [
                0.11590258415434287
            ],
            "age": [
                0.27554724956022797
            ],
            "credit amount": [
                0.15950186159935137
            ],
            "repayment duration": [
                0.44904830468607787
            ]
        },
        "sg": {
            "gender": [
                0.14004909814918706
            ],
            "age": [
                0.26049052756154434
            ],
            "credit amount": [
                0.15686141756638808
            ],
            "repayment duration": [
                0.4425989567228806
            ]
        },
        "itg": {
            "gender": [
                0.38817587114492846
            ],
            "age": [
                0.01813021332156066
            ],
            "credit amount": [
                0.0513372700014982
            ],
            "repayment duration": [
                0.5423566455320126
            ]
        },
        "icc_topo": {
            "gender": [
                0.0788254514336586
            ],
            "age": [
                0.13306884467601776
            ],
            "credit amount": [
                0.03023386001586914
            ],
            "repayment duration": [
                0.7578718662261963
            ]
        },
        "icc_shap": {
            "gender": [
                0.08861115574836731
            ],
            "age": [
                0.16036356985569
            ],
            "credit amount": [
                0.021134359762072563
            ],
            "repayment duration": [
                0.7298910021781921
            ]
        }
    },
    "time_dict": {
        "shap": 17.599973440170288,
        "lime": 6.876962900161743,
        "sp_lime": 1.881547451019287,
        "pfi": 0.0027408599853515625,
        "ig": 5.075009822845459,
        "sg": 13.000630378723145,
        "itg": 4.894443511962891,
        "icc_topo": 0.0831308364868164,
        "icc_shap": 0.0977020263671875
    },
    "global_explanations": {
        "gender": [
            0.39225925480866275,
            0.15148833251940313,
            0.1504390881747744,
            0.15529265999794006,
            0.11590258415434287,
            0.14004909814918706,
            0.38817587114492846,
            0.0788254514336586,
            0.08861115574836731
        ],
        "age": [
            0.02039131604261011,
            0.23212028408941018,
            0.25821482836221843,
            0.2074252963066101,
            0.27554724956022797,
            0.26049052756154434,
            0.01813021332156066,
            0.13306884467601776,
            0.16036356985569
        ],
        "credit amount": [
            0.06960591910884181,
            0.13214850458174052,
            0.10987125006547623,
            0.1189761757850647,
            0.15950186159935137,
            0.15686141756638808,
            0.0513372700014982,
            0.03023386001586914,
            0.021134359762072563
        ],
        "repayment duration": [
            0.5177435100398854,
            0.4842428788094461,
            0.48147483339753105,
            0.5183058977127075,
            0.44904830468607787,
            0.4425989567228806,
            0.5423566455320126,
            0.7578718662261963,
            0.7298910021781921
        ]
    }
}