{
    "ge_dict": {
        "ig": {
            "gender": [
                0.1481521602598071
            ],
            "age": [
                0.2140914331596763
            ],
            "credit amount": [
                0.22893904901976603
            ],
            "repayment duration": [
                0.40881735756075055
            ]
        },
        "itg": {
            "gender": [
                0.3904622612118843
            ],
            "age": [
                0.4240037995144059
            ],
            "credit amount": [
                0.1789947375301777
            ],
            "repayment duration": [
                0.006539201743532205
            ]
        },
        "sg": {
            "gender": [
                0.23939686865548893
            ],
            "age": [
                0.2783557123318345
            ],
            "credit amount": [
                0.0579126662898359
            ],
            "repayment duration": [
                0.42433475272284066
            ]
        },
        "shap": {
            "gender": [
                0.31366979625446545
            ],
            "age": [
                0.2708725737097477
            ],
            "credit amount": [
                0.020569311807800174
            ],
            "repayment duration": [
                0.3948883182279868
            ]
        },
        "lime": {
            "gender": [
                0.2516839662389353
            ],
            "age": [
                0.28473438560034386
            ],
            "credit amount": [
                0.014783930788512834
            ],
            "repayment duration": [
                0.448797717372208
            ]
        },
        "sp_lime": {
            "repayment duration": [
                0.5186325133024954
            ],
            "age": [
                0.23164155188435717
            ],
            "gender": [
                0.22002714645112267
            ],
            "credit amount": [
                0.029698788362024768
            ]
        },
        "pfi": {
            "gender": [
                0.23080098628997803
            ],
            "age": [
                0.23371949791908264
            ],
            "credit amount": [
                0.20266099274158478
            ],
            "repayment duration": [
                0.3328184485435486
            ]
        },
        "icc_topo": {
            "gender": [
                0.31743472814559937
            ],
            "age": [
                0.15573608875274658
            ],
            "credit amount": [
                0.10165423899888992
            ],
            "repayment duration": [
                0.4251749515533447
            ]
        },
        "icc_shap": {
            "gender": [
                0.3374161720275879
            ],
            "age": [
                0.1763211339712143
            ],
            "credit amount": [
                0.09841561317443848
            ],
            "repayment duration": [
                0.3878471255302429
            ]
        }
    },
    "time_dict": {
        "ig": 6.915334939956665,
        "itg": 6.529370546340942,
        "sg": 7.142602920532227,
        "shap": 23.952082633972168,
        "lime": 8.673096418380737,
        "sp_lime": 2.496831178665161,
        "pfi": 0.002448558807373047,
        "icc_topo": 1.7058067321777344,
        "icc_shap": 5.109905958175659
    },
    "global_explanations": {
        "gender": [
            0.1481521602598071,
            0.3904622612118843,
            0.23939686865548893,
            0.31366979625446545,
            0.2516839662389353,
            0.22002714645112267,
            0.23080098628997803,
            0.31743472814559937,
            0.3374161720275879
        ],
        "age": [
            0.2140914331596763,
            0.4240037995144059,
            0.2783557123318345,
            0.2708725737097477,
            0.28473438560034386,
            0.23164155188435717,
            0.23371949791908264,
            0.15573608875274658,
            0.1763211339712143
        ],
        "credit amount": [
            0.22893904901976603,
            0.1789947375301777,
            0.0579126662898359,
            0.020569311807800174,
            0.014783930788512834,
            0.029698788362024768,
            0.20266099274158478,
            0.10165423899888992,
            0.09841561317443848
        ],
        "repayment duration": [
            0.40881735756075055,
            0.006539201743532205,
            0.42433475272284066,
            0.3948883182279868,
            0.448797717372208,
            0.5186325133024954,
            0.3328184485435486,
            0.4251749515533447,
            0.3878471255302429
        ]
    }
}