{
    "ge_dict": {
        "sp_lime": {
            "repayment duration": [
                0.5540767661889202
            ],
            "gender": [
                0.2238634560793551
            ],
            "age": [
                0.1492610622531783
            ],
            "credit amount": [
                0.07279871547854629
            ]
        },
        "pfi": {
            "gender": [
                0.15595395863056183
            ],
            "age": [
                0.1751614511013031
            ],
            "credit amount": [
                0.26048532128334045
            ],
            "repayment duration": [
                0.40839922428131104
            ]
        },
        "icc_topo": {
            "gender": [
                0.27053171396255493
            ],
            "age": [
                0.1149900034070015
            ],
            "credit amount": [
                0.08374449610710144
            ],
            "repayment duration": [
                0.5307338237762451
            ]
        },
        "icc_shap": {
            "gender": [
                0.2936728596687317
            ],
            "age": [
                0.14530959725379944
            ],
            "credit amount": [
                0.08579675108194351
            ],
            "repayment duration": [
                0.47522082924842834
            ]
        }
    },
    "evaluation_metrics": {
        "sp_lime": {
            "pgu": {
                "k=1": [
                    0.09851139038801193,
                    3.799999952316284
                ],
                "k=2": [
                    0.09847584366798401,
                    3.799999952316284
                ],
                "k=3": [
                    0.09769211709499359,
                    3.799999952316284
                ],
                "k=4": [
                    0.09702907502651215,
                    3.799999952316284
                ]
            },
            "pgi": {
                "k=1": [
                    0.00026995569351129234,
                    0.0
                ],
                "k=2": [
                    0.000305497640511021,
                    0.0
                ],
                "k=3": [
                    0.0010892298305407166,
                    0.0
                ],
                "k=4": [
                    0.0017522695707157254,
                    0.0
                ]
            }
        },
        "pfi": {
            "pgu": {
                "k=1": [
                    0.09811830520629883,
                    3.799999952316284
                ],
                "k=2": [
                    0.09733457863330841,
                    3.799999952316284
                ],
                "k=3": [
                    0.09729903936386108,
                    3.799999952316284
                ],
                "k=4": [
                    0.09702907502651215,
                    3.799999952316284
                ]
            },
            "pgi": {
                "k=1": [
                    0.0006630396819673479,
                    0.0
                ],
                "k=2": [
                    0.001446771901100874,
                    0.0
                ],
                "k=3": [
                    0.0014823138481006026,
                    0.0
                ],
                "k=4": [
                    0.0017522695707157254,
                    0.0
                ]
            }
        },
        "icc_topo": {
            "pgu": {
                "k=1": [
                    0.09811830520629883,
                    3.799999952316284
                ],
                "k=2": [
                    0.09784835577011108,
                    3.799999952316284
                ],
                "k=3": [
                    0.09781280159950256,
                    3.799999952316284
                ],
                "k=4": [
                    0.09702907502651215,
                    3.799999952316284
                ]
            },
            "pgi": {
                "k=1": [
                    0.0006630396819673479,
                    0.0
                ],
                "k=2": [
                    0.0009329954045824707,
                    0.0
                ],
                "k=3": [
                    0.0009685373515821993,
                    0.0
                ],
                "k=4": [
                    0.0017522695707157254,
                    0.0
                ]
            }
        },
        "icc_shap": {
            "pgu": {
                "k=1": [
                    0.09811830520629883,
                    3.799999952316284
                ],
                "k=2": [
                    0.09784835577011108,
                    3.799999952316284
                ],
                "k=3": [
                    0.09781280159950256,
                    3.799999952316284
                ],
                "k=4": [
                    0.09702907502651215,
                    3.799999952316284
                ]
            },
            "pgi": {
                "k=1": [
                    0.0006630396819673479,
                    0.0
                ],
                "k=2": [
                    0.0009329954045824707,
                    0.0
                ],
                "k=3": [
                    0.0009685373515821993,
                    0.0
                ],
                "k=4": [
                    0.0017522695707157254,
                    0.0
                ]
            }
        }
    },
    "time_dict": {
        "sp_lime": 8.146830797195435,
        "pfi": 0.0061223506927490234,
        "icc_topo": 7.432855606079102,
        "icc_shap": 24.60520076751709
    }
}