{
    "ge_dict": {
        "ig": {
            "gender": [
                0.004814821356147674
            ],
            "age": [
                0.22387496100843976
            ],
            "credit amount": [
                0.33305589426926374
            ],
            "repayment duration": [
                0.4382543233661489
            ]
        },
        "itg": {
            "gender": [
                0.2691315595142539
            ],
            "age": [
                0.24581815900919213
            ],
            "credit amount": [
                0.04185211147002791
            ],
            "repayment duration": [
                0.44319817000652606
            ]
        },
        "sg": {
            "gender": [
                0.28626191745563595
            ],
            "age": [
                0.20107429303717833
            ],
            "credit amount": [
                0.0035480806344405677
            ],
            "repayment duration": [
                0.5091157088727453
            ]
        },
        "shap": {
            "gender": [
                0.025998115816750947
            ],
            "age": [
                0.37010644992070924
            ],
            "credit amount": [
                0.16951105521714904
            ],
            "repayment duration": [
                0.43438437904539073
            ]
        },
        "lime": {
            "gender": [
                0.2065637528373801
            ],
            "age": [
                0.20510849421587754
            ],
            "credit amount": [
                0.11667778597608193
            ],
            "repayment duration": [
                0.4716499669706605
            ]
        },
        "sp_lime": {
            "repayment duration": [
                0.5145633885760877
            ],
            "age": [
                0.18402151588995927
            ],
            "gender": [
                0.1642624276037418
            ],
            "credit amount": [
                0.1371526679302112
            ]
        },
        "pfi": {
            "gender": [
                0.20439141988754272
            ],
            "age": [
                0.2008463591337204
            ],
            "credit amount": [
                0.24582508206367493
            ],
            "repayment duration": [
                0.3489372134208679
            ]
        },
        "icc_topo": {
            "gender": [
                0.06022527441382408
            ],
            "age": [
                0.03130403906106949
            ],
            "credit amount": [
                0.06596909463405609
            ],
            "repayment duration": [
                0.8425015807151794
            ]
        },
        "icc_shap": {
            "gender": [
                0.0660109668970108
            ],
            "age": [
                0.036178454756736755
            ],
            "credit amount": [
                0.07654905319213867
            ],
            "repayment duration": [
                0.8212615847587585
            ]
        }
    },
    "time_dict": {
        "ig": 6.846362113952637,
        "itg": 6.328254699707031,
        "sg": 6.811172246932983,
        "shap": 23.488173484802246,
        "lime": 8.77835726737976,
        "sp_lime": 2.453744888305664,
        "pfi": 0.007724285125732422,
        "icc_topo": 1.7843928337097168,
        "icc_shap": 5.197503328323364
    },
    "global_explanations": {
        "gender": [
            0.004814821356147674,
            0.2691315595142539,
            0.28626191745563595,
            0.025998115816750947,
            0.2065637528373801,
            0.1642624276037418,
            0.20439141988754272,
            0.06022527441382408,
            0.0660109668970108
        ],
        "age": [
            0.22387496100843976,
            0.24581815900919213,
            0.20107429303717833,
            0.37010644992070924,
            0.20510849421587754,
            0.18402151588995927,
            0.2008463591337204,
            0.03130403906106949,
            0.036178454756736755
        ],
        "credit amount": [
            0.33305589426926374,
            0.04185211147002791,
            0.0035480806344405677,
            0.16951105521714904,
            0.11667778597608193,
            0.1371526679302112,
            0.24582508206367493,
            0.06596909463405609,
            0.07654905319213867
        ],
        "repayment duration": [
            0.4382543233661489,
            0.44319817000652606,
            0.5091157088727453,
            0.43438437904539073,
            0.4716499669706605,
            0.5145633885760877,
            0.3489372134208679,
            0.8425015807151794,
            0.8212615847587585
        ]
    }
}