{
    "ge_dict": {
        "shap": {
            "gender": [
                0.039350290171203756
            ],
            "age": [
                0.3629153023708794
            ],
            "credit amount": [
                0.17483929268684684
            ],
            "repayment duration": [
                0.42289511477106995
            ]
        },
        "lime": {
            "gender": [
                0.2057120567331745
            ],
            "age": [
                0.23990601733604874
            ],
            "credit amount": [
                0.08396123970192644
            ],
            "repayment duration": [
                0.4704206862288504
            ]
        },
        "sp_lime": {
            "repayment duration": [
                0.5128515499803373
            ],
            "age": [
                0.18376229057075041
            ],
            "gender": [
                0.17668298035318883
            ],
            "credit amount": [
                0.12670317909572332
            ]
        },
        "pfi": {
            "gender": [
                0.19908776879310608
            ],
            "age": [
                0.1765235960483551
            ],
            "credit amount": [
                0.2531222999095917
            ],
            "repayment duration": [
                0.3712663948535919
            ]
        },
        "ig": {
            "gender": [
                0.004814821356147674
            ],
            "age": [
                0.22387496100843976
            ],
            "credit amount": [
                0.33305589426926374
            ],
            "repayment duration": [
                0.4382543233661489
            ]
        },
        "sg": {
            "gender": [
                0.29083441131145027
            ],
            "age": [
                0.19169006963568025
            ],
            "credit amount": [
                0.0005941195491806427
            ],
            "repayment duration": [
                0.5168813995036887
            ]
        },
        "itg": {
            "gender": [
                0.2691315595142539
            ],
            "age": [
                0.24581815900919213
            ],
            "credit amount": [
                0.04185211147002791
            ],
            "repayment duration": [
                0.44319817000652606
            ]
        },
        "icc_topo": {
            "gender": [
                0.055010899901390076
            ],
            "age": [
                0.007735443767160177
            ],
            "credit amount": [
                0.06809240579605103
            ],
            "repayment duration": [
                0.8691612482070923
            ]
        },
        "icc_shap": {
            "gender": [
                0.06518489122390747
            ],
            "age": [
                0.027666084468364716
            ],
            "credit amount": [
                0.07038038969039917
            ],
            "repayment duration": [
                0.836768627166748
            ]
        }
    },
    "time_dict": {
        "shap": 23.038973093032837,
        "lime": 8.721449375152588,
        "sp_lime": 2.3522908687591553,
        "pfi": 0.0028009414672851562,
        "ig": 6.471643447875977,
        "sg": 20.52279305458069,
        "itg": 6.310328722000122,
        "icc_topo": 0.0682375431060791,
        "icc_shap": 0.09993529319763184
    },
    "global_explanations": {
        "gender": [
            0.039350290171203756,
            0.2057120567331745,
            0.17668298035318883,
            0.19908776879310608,
            0.004814821356147674,
            0.29083441131145027,
            0.2691315595142539,
            0.055010899901390076,
            0.06518489122390747
        ],
        "age": [
            0.3629153023708794,
            0.23990601733604874,
            0.18376229057075041,
            0.1765235960483551,
            0.22387496100843976,
            0.19169006963568025,
            0.24581815900919213,
            0.007735443767160177,
            0.027666084468364716
        ],
        "credit amount": [
            0.17483929268684684,
            0.08396123970192644,
            0.12670317909572332,
            0.2531222999095917,
            0.33305589426926374,
            0.0005941195491806427,
            0.04185211147002791,
            0.06809240579605103,
            0.07038038969039917
        ],
        "repayment duration": [
            0.42289511477106995,
            0.4704206862288504,
            0.5128515499803373,
            0.3712663948535919,
            0.4382543233661489,
            0.5168813995036887,
            0.44319817000652606,
            0.8691612482070923,
            0.836768627166748
        ]
    }
}