{
    "ge_dict": {
        "ig": {
            "gender": [
                0.051090521202485986
            ],
            "age": [
                0.12232555977890289
            ],
            "credit amount": [
                0.32334107368614934
            ],
            "repayment duration": [
                0.5032428453324618
            ]
        },
        "itg": {
            "gender": [
                0.057295613690031305
            ],
            "age": [
                0.39064566720668886
            ],
            "credit amount": [
                0.048457602805589126
            ],
            "repayment duration": [
                0.5036011162976907
            ]
        },
        "sg": {
            "gender": [
                0.08767999787516001
            ],
            "age": [
                0.36437728016726445
            ],
            "credit amount": [
                0.010095165823000435
            ],
            "repayment duration": [
                0.5378475561345751
            ]
        },
        "shap": {
            "gender": [
                0.2672056125934267
            ],
            "age": [
                0.081944788913461
            ],
            "credit amount": [
                0.2523707205446244
            ],
            "repayment duration": [
                0.3984788779484879
            ]
        },
        "lime": {
            "gender": [
                0.16466164965628236
            ],
            "age": [
                0.19861553868334506
            ],
            "credit amount": [
                0.1585895233406818
            ],
            "repayment duration": [
                0.4781332883196908
            ]
        },
        "sp_lime": {
            "repayment duration": [
                0.5540767661889202
            ],
            "gender": [
                0.2238634560793551
            ],
            "age": [
                0.1492610622531783
            ],
            "credit amount": [
                0.07279871547854629
            ]
        },
        "pfi": {
            "gender": [
                0.15595395863056183
            ],
            "age": [
                0.1751614511013031
            ],
            "credit amount": [
                0.26048532128334045
            ],
            "repayment duration": [
                0.40839922428131104
            ]
        },
        "icc_topo": {
            "gender": [
                0.27053171396255493
            ],
            "age": [
                0.1149900034070015
            ],
            "credit amount": [
                0.08374449610710144
            ],
            "repayment duration": [
                0.5307338237762451
            ]
        },
        "icc_shap": {
            "gender": [
                0.2936728596687317
            ],
            "age": [
                0.14530959725379944
            ],
            "credit amount": [
                0.08579675108194351
            ],
            "repayment duration": [
                0.47522082924842834
            ]
        }
    },
    "evaluation_metrics": {
        "ig": {
            "pgu": {
                "k=1": [
                    0.09811830520629883,
                    -0.05000000074505806
                ],
                "k=2": [
                    0.09733457863330841,
                    -0.05000000074505806
                ],
                "k=3": [
                    0.09729903936386108,
                    -0.05000000074505806
                ],
                "k=4": [
                    0.09702907502651215,
                    -0.05000000074505806
                ]
            },
            "pgi": {
                "k=1": [
                    0.0006630396819673479,
                    0.0
                ],
                "k=2": [
                    0.001446771901100874,
                    0.0
                ],
                "k=3": [
                    0.0014823138481006026,
                    0.0
                ],
                "k=4": [
                    0.0017522695707157254,
                    0.0
                ]
            }
        },
        "itg": {
            "pgu": {
                "k=1": [
                    0.09811830520629883,
                    -0.05000000074505806
                ],
                "k=2": [
                    0.0980827733874321,
                    -0.05000000074505806
                ],
                "k=3": [
                    0.09781280159950256,
                    -0.05000000074505806
                ],
                "k=4": [
                    0.09702907502651215,
                    -0.05000000074505806
                ]
            },
            "pgi": {
                "k=1": [
                    0.0006630396819673479,
                    0.0
                ],
                "k=2": [
                    0.0006985816289670765,
                    0.0
                ],
                "k=3": [
                    0.0009685373515821993,
                    0.0
                ],
                "k=4": [
                    0.0017522695707157254,
                    0.0
                ]
            }
        },
        "sg": {
            "pgu": {
                "k=1": [
                    0.09811830520629883,
                    -0.05000000074505806
                ],
                "k=2": [
                    0.0980827733874321,
                    -0.05000000074505806
                ],
                "k=3": [
                    0.09781280159950256,
                    -0.05000000074505806
                ],
                "k=4": [
                    0.09702907502651215,
                    -0.05000000074505806
                ]
            },
            "pgi": {
                "k=1": [
                    0.0006630396819673479,
                    0.0
                ],
                "k=2": [
                    0.0006985816289670765,
                    0.0
                ],
                "k=3": [
                    0.0009685373515821993,
                    0.0
                ],
                "k=4": [
                    0.0017522695707157254,
                    0.0
                ]
            }
        },
        "shap": {
            "pgu": {
                "k=1": [
                    0.09811830520629883,
                    -0.05000000074505806
                ],
                "k=2": [
                    0.09784835577011108,
                    -0.05000000074505806
                ],
                "k=3": [
                    0.09706462919712067,
                    -0.05000000074505806
                ],
                "k=4": [
                    0.09702907502651215,
                    -0.05000000074505806
                ]
            },
            "pgi": {
                "k=1": [
                    0.0006630396819673479,
                    0.0
                ],
                "k=2": [
                    0.0009329954045824707,
                    0.0
                ],
                "k=3": [
                    0.0017167276237159967,
                    0.0
                ],
                "k=4": [
                    0.0017522695707157254,
                    0.0
                ]
            }
        },
        "lime": {
            "pgu": {
                "k=1": [
                    0.09811830520629883,
                    -0.05000000074505806
                ],
                "k=2": [
                    0.0980827733874321,
                    -0.05000000074505806
                ],
                "k=3": [
                    0.09781280159950256,
                    -0.05000000074505806
                ],
                "k=4": [
                    0.09702907502651215,
                    -0.05000000074505806
                ]
            },