{
    "ge_dict": {
        "ig": {
            "gender": [
                0.1481521602598071
            ],
            "age": [
                0.2140914331596763
            ],
            "credit amount": [
                0.22893904901976603
            ],
            "repayment duration": [
                0.40881735756075055
            ]
        },
        "itg": {
            "gender": [
                0.39046230432821005
            ],
            "age": [
                0.4240038007202668
            ],
            "credit amount": [
                0.178994694764013
            ],
            "repayment duration": [
                0.006539200187510156
            ]
        },
        "sg": {
            "gender": [
                0.23939690105268438
            ],
            "age": [
                0.27835571485593896
            ],
            "credit amount": [
                0.05791267789798369
            ],
            "repayment duration": [
                0.4243347061933929
            ]
        },
        "shap": {
            "gender": [
                0.3136699768626131
            ],
            "age": [
                0.2708724138273872
            ],
            "credit amount": [
                0.02056920591153828
            ],
            "repayment duration": [
                0.3948884033984614
            ]
        },
        "lime": {
            "gender": [
                0.2516839671819539
            ],
            "age": [
                0.2847343880538105
            ],
            "credit amount": [
                0.014783927950671683
            ],
            "repayment duration": [
                0.44879771681356384
            ]
        },
        "sp_lime": {
            "repayment duration": [
                0.5186325130589041
            ],
            "age": [
                0.2316415544729952
            ],
            "gender": [
                0.2200271480848135
            ],
            "credit amount": [
                0.029698784383287186
            ]
        },
        "pfi": {
            "gender": [
                0.22834695875644684
            ],
            "age": [
                0.19554422795772552
            ],
            "credit amount": [
                0.20744766294956207
            ],
            "repayment duration": [
                0.36866119503974915
            ]
        },
        "icc_topo": {
            "gender": [
                0.31743472814559937
            ],
            "age": [
                0.1557360738515854
            ],
            "credit amount": [
                0.10165420174598694
            ],
            "repayment duration": [
                0.4251749813556671
            ]
        },
        "icc_shap": {
            "gender": [
                0.3374161720275879
            ],
            "age": [
                0.1763211339712143
            ],
            "credit amount": [
                0.09841561317443848
            ],
            "repayment duration": [
                0.38784709572792053
            ]
        }
    },
    "evaluation_metrics": {
        "ig": {
            "pgu": {
                "k=1": [
                    0.1606733202934265
                ],
                "k=2": [
                    0.16052094101905823
                ],
                "k=3": [
                    0.15863695740699768
                ],
                "k=4": [
                    0.1586059182882309
                ]
            },
            "pgi": {
                "k=1": [
                    0.0018336817156523466
                ],
                "k=2": [
                    0.00198607356287539
                ],
                "k=3": [
                    0.003870050422847271
                ],
                "k=4": [
                    0.0039010816253721714
                ]
            }
        },
        "itg": {
            "pgu": {
                "k=1": [
                    0.16062301397323608
                ],
                "k=2": [
                    0.1605920046567917
                ],
                "k=3": [
                    0.1604396104812622
                ],
                "k=4": [
                    0.1586059182882309
                ]
            },
            "pgi": {
                "k=1": [
                    0.0018839766271412373
                ],
                "k=2": [
                    0.0019150079460814595
                ],
                "k=3": [
                    0.002067399676889181
                ],
                "k=4": [
                    0.0039010816253721714
                ]
            }
        },
        "sg": {
            "pgu": {
                "k=1": [
                    0.1606733202934265
                ],
                "k=2": [
                    0.15878935158252716
                ],
                "k=3": [
                    0.15875831246376038
                ],
                "k=4": [
                    0.1586059182882309
                ]
            },
            "pgi": {
                "k=1": [
                    0.0018336817156523466
                ],
                "k=2": [
                    0.0037176585756242275
                ],
                "k=3": [
                    0.003748689778149128
                ],
                "k=4": [
                    0.0039010816253721714
                ]
            }
        },
        "shap": {
            "pgu": {
                "k=1": [
                    0.1606733202934265
                ],
                "k=2": [
                    0.16064228117465973
                ],
                "k=3": [
                    0.15875831246376038
                ],
                "k=4": [
                    0.1586059182882309
                ]
            },
            "pgi": {
                "k=1": [
                    0.0018336817156523466
                ],
                "k=2": [
                    0.0018647131510078907
                ],
                "k=3": [
                    0.003748689778149128
                ],
                "k=4": [
                    0.0039010816253721714
                ]
            }
        },
        "lime": {
            "pgu": {
                "k=1": [
                    0.1606733202934265
                ],
                "k=2": [
                    0.15878935158252716
                ],
                "k=3": [
                    0.15875831246376038
                ],
                "k=4": [
                    0.1586059182882309
                ]
            },
            "pgi": {
                "k=1": [
                    0.0018336817156523466
                ],
                "k=2": [
                    0.0037176585756242275
                ],
                "k=3": [
                    0.003748689778149128
                ],
                "k=4": [
                    0.0039010816253721714
                ]
            }
        },
        "sp_lime": {
            "pgu": {
                "k=1": [
                    0.16247597336769104
                ],
                "k=2": [
                    0.1605920046567917
                ],
                "k=3": [
                    0.1604396104812622
                ],
                "k=4": [
                    0.1586059182882309
                ]
            },
            "pgi": {
                "k=1": [
                    3.103136987192556e-05
                ],
                "k=2": [
                    0.0019150079460814595
                ],
                "k=3": [
                    0.002067399676889181
                ],
                "k=4": [
                    0.0039010816253721714
                ]
            }
        },
        "pfi": {
            "pgu": {
                "k=1": [
                    0.1606733202934265
                ],
                "k=2": [
                    0.16064228117465973
                ],