asia,tub,smoke,lung,bronc,either,xray
0.048507362604141235,0.03680741786956787,0.07412362098693848,0.10385647416114807,0.5946551561355591,0.08500509709119797,0.05704491585493088
