bronc,either,lung,asia,smoke,xray,tub
0.7998144077813447,0.061977496938368466,0.04326986662167991,0.039088387595065804,0.03812540468672397,0.008975286732123788,0.008749149644693331
