asia,tub,smoke,lung,bronc,either,xray
0.024674280114941615,2.6119115756328993e-05,0.06430814940436376,0.04399113886469159,0.7480630411666848,0.06498735265814091,0.0539499186754211
