asia,tub,smoke,lung,bronc,either,xray
0.002917076461017132,0.0018153691198676825,0.0007250675116665661,0.01846502535045147,0.9494624733924866,0.010488870553672314,0.015606128610670567
