asia,tub,smoke,lung,bronc,either,xray
0.04458264261484146,0.039490919560194016,0.06839078664779663,0.10981154441833496,0.6041576266288757,0.07017591595649719,0.06339044123888016
