asia,tub,smoke,lung,bronc,either,xray
0.04597448435091013,0.09198244073048102,0.14190740151591968,0.2294398320247967,0.006665846112225471,0.3034446133258259,0.18058538193984094
