asia,tub,smoke,lung,bronc,either,xray
0.003737820785857489,0.0390630717956356,0.04162243252842419,0.2522605060166481,0.2176801183239675,0.2737190340588285,0.17191701649063856
