asia,tub,smoke,lung,bronc,either,xray
0.024674281449395784,2.611892973839818e-05,0.0643081501825619,0.04399113879545422,0.748063039145895,0.06498735317188646,0.053949918325068236
