asia,tub,smoke,lung,bronc,either,xray
0.0017183241434395313,0.0020464288536459208,0.006635311990976334,0.012433834373950958,0.9479281306266785,0.011233218014240265,0.011396178975701332
