asia,tub,smoke,lung,bronc,either,xray
0.0017028400907292962,0.002101222286000848,0.005614907015115023,0.008847390301525593,0.9591410160064697,0.009666160680353642,0.006894207093864679
