asia,tub,smoke,lung,bronc,either,xray
0.024182931370220786,0.08842117881135172,0.1268312216647543,0.21666603915678476,0.0006433930157938864,0.21090842627774348,0.3323468097033511
