asia,tub,smoke,lung,bronc,either,xray
0.011291925316600818,0.15238054508280427,0.08590650209361589,0.3065925271905213,0.004736838851313179,0.21862810902617616,0.22046355243896823
