asia,tub,smoke,lung,bronc,either,xray
0.04466830939054489,0.03923067823052406,0.06868752837181091,0.11022046208381653,0.6035965085029602,0.0698208212852478,0.06377562880516052
