asia,tub,smoke,lung,bronc,either,xray
0.046698883175849915,0.03702359274029732,0.06852678954601288,0.11422441899776459,0.5895116329193115,0.07983830571174622,0.06417623907327652
