asia,tub,smoke,lung,bronc,either,xray
0.08697808719863864,0.09710050224923114,0.0011410129201573427,0.31972001389224913,0.0016874513954741343,0.21276215108473692,0.28061078125951266
