asia,tub,smoke,lung,bronc,either,xray
0.024208776121250823,0.03129963561200767,0.07483086366937663,0.007677519984562505,0.7559934744682155,0.06811729778444434,0.037872432360142524
