asia,tub,smoke,lung,bronc,either,xray
0.00011330686538713053,0.0006759501411579549,0.001528363674879074,0.002290034433826804,0.9650230407714844,0.010393356904387474,0.007743533235043287
