asia,tub,smoke,lung,bronc,either,xray
0.09080007538678342,0.0024987965289320676,0.09558792330202952,0.37785707438005844,0.001109187669635858,0.18984024074676567,0.24230670198579513
