asia,tub,smoke,lung,bronc,either,xray
0.147855278838768,0.18095779454814584,0.03719305587967327,0.2506564540610926,0.01474562095151673,0.2339515508739505,0.13464024484685308
