bronc,either,smoke,xray,asia,tub,lung
0.7968869436041671,0.0688379397006878,0.05219936028050491,0.028052859502828636,0.024851699897937125,0.01651087152151063,0.012660325492363718
