asia,tub,smoke,lung,bronc,either,xray
0.013718500771736128,0.0038411224504979534,0.03976067463751951,0.05118951286644393,0.805354972962565,0.07442460461184931,0.011710611699388113
