asia,tub,smoke,lung,bronc,either,xray
0.018525166281440374,0.14327632616987826,0.0981008016544422,0.30932806397131707,0.009076389268098194,0.19886901229006085,0.22282424036476312
