asia,tub,smoke,lung,bronc,either,xray
0.12300296578983204,0.2011230305695493,0.16791380726737315,0.2584739316965111,0.0022754220735816347,0.11432018940508992,0.13289065319806279
