asia,tub,smoke,lung,bronc,either,xray
0.04647320881485939,0.03875228762626648,0.06841011345386505,0.09488197416067123,0.6111481189727783,0.07516879588365555,0.06516548246145248
