asia,tub,smoke,lung,bronc,either,xray
0.038982977654012714,0.014989624240687952,0.06230466318715373,0.02641296239672275,0.74832295799077,0.06358788940306348,0.045398925127589536
