asia,tub,smoke,lung,bronc,either,xray
0.08154449485428501,0.08633803957517541,0.0905145779650163,0.0052915627824717225,0.6563187176820997,0.01595343184120195,0.06403917529974998
