asia,tub,smoke,lung,bronc,either,xray
0.018525160975987172,0.14327631183535033,0.09810080179710913,0.30932806442116956,0.00907637861650958,0.1988690125792739,0.22282426977460032
