asia,tub,smoke,lung,bronc,either,xray
0.02418293219713176,0.08842117687802215,0.12683128879614308,0.21666611245804335,0.0006433933528956662,0.21090841197553697,0.33234668434222703
