asia,tub,smoke,lung,bronc,either,xray
0.002145926933735609,0.002226676093414426,0.009096172638237476,0.01288523804396391,0.9554940462112427,0.007443508133292198,0.004675915464758873
