asia,tub,smoke,lung,bronc,either,xray
0.023100445201600858,0.029206700179964056,0.08019873648794118,0.006196817346926602,0.748965729253438,0.0689637277229124,0.04336784380721707
