asia,tub,smoke,lung,bronc,either,xray
0.1912611936769995,0.0616598128116283,0.13189622400889237,0.17398362272087275,0.0001418507991256405,0.1943176307079802,0.24673966527450122
