bronc,either,smoke,asia,xray,lung,tub
0.7974038738870893,0.06960467808428784,0.044378021994209975,0.02936882669230063,0.02870588046715959,0.022969547032292554,0.007569171842659992
