asia,tub,smoke,lung,bronc,either,xray
0.035994358360767365,0.03938383236527443,0.0507500134408474,0.07918943464756012,0.6477108597755432,0.08746190369129181,0.05950964614748955
