bronc,either,smoke,xray,asia,lung,tub
0.8025106009859281,0.06189423414727149,0.04133777506643202,0.03518536370101289,0.026301016291294527,0.01701135037446049,0.01575965943360043
