asia,tub,smoke,lung,bronc,either,xray
0.16713198667710918,0.013061040421412448,0.1163171580676024,0.2756636368090316,0.0003848772718169819,0.18625192101738833,0.2411893797356391
