asia,tub,smoke,lung,bronc,either,xray
0.0017844552639871836,0.0009659547940827906,0.004758039489388466,0.006282172165811062,0.9761189222335815,0.007552729453891516,0.00395436305552721
