asia,tub,smoke,lung,bronc,either,xray
0.09972005239619872,0.009998245911949661,0.10624168969909953,0.09315263955163258,0.6515210175358915,0.006586443139409744,0.03277991176581826
