bronc,either,smoke,xray,asia,tub,lung
0.7960787892879454,0.06904451423998664,0.05177996416529173,0.02851286585362938,0.025655899961817462,0.015485415779624274,0.013442550711705028
