asia,tub,smoke,lung,bronc,either,xray
0.06270134537719509,0.0010651228290742656,0.04571140946304307,0.2897406508406314,0.25682317341791405,0.15957514387130262,0.1843831542008394
