bronc,either,smoke,xray,asia,tub,lung
0.7968869398714148,0.06883793841560669,0.05219936046378095,0.028052860421105812,0.02485170139524549,0.016510872815168796,0.012660326617677475
