asia,tub,smoke,lung,bronc,either,xray
0.07523263660394551,0.07448002146601906,0.015045374232291355,0.09824980047979787,0.6554314945207643,0.00973503551051883,0.07182563718666318
