asia,tub,smoke,lung,bronc,either,xray
0.0024719168432056904,0.0027306010015308857,0.007885993458330631,0.02114790305495262,0.9440281391143799,0.007625286001712084,0.010543597862124443
