asia,tub,smoke,lung,bronc,either,xray
0.0023373793810606003,0.002294902689754963,0.010614555329084396,0.017308449372649193,0.9438858032226562,0.009286819025874138,0.007663601078093052
