asia,tub,smoke,lung,bronc,either,xray
0.0017028264701366425,0.002101222286000848,0.005614907015115023,0.008847332559525967,0.9591410756111145,0.009666201658546925,0.006894207093864679
