asia,tub,smoke,lung,bronc,either,xray
0.06270075805186104,0.0010652918918458447,0.04571133556359293,0.2897407025948352,0.25682342654491264,0.159575322901449,0.18438316245150327
