asia,tub,smoke,lung,bronc,either,xray
0.25552115808234954,0.15924395045667636,0.05508499531932991,0.2936458640809556,0.0007526581736643002,0.1980254475003061,0.03772592638671806
