asia,tub,smoke,lung,bronc,either,xray
0.09972005311386237,0.009998243185155692,0.10624169046369798,0.09315263222560574,0.6515210222247474,0.006586440787883079,0.03277991799904787
