asia,tub,smoke,lung,bronc,either,xray
0.06502032921778861,0.000619291292321127,0.04459027277256233,0.2915329838567314,0.25592188945494754,0.16265073348767656,0.17966449991797245
