asia,tub,smoke,lung,bronc,either,xray
0.1448613104218152,0.19893258157607058,0.12967773933398108,0.24636605369332729,0.001052941611081021,0.26810363053691993,0.011005742826804985
